"","fishing_period","species_code","tacc_kg","catch_kg","starting_year"
"1","for 12 months to 30-09-2016","ANC",80000,NA,2015
"2","for 12 months to 30-09-2016","ANG",70025,32938.8333333333,2015
"3","for 12 months to 30-09-2016","BAR",6534492.2,NA,2015
"4","for 12 months to 30-09-2016","BCO",291453.125,NA,2015
"5","for 12 months to 30-09-2016","BIG",714000,172759,2015
"6","for 12 months to 30-09-2016","BNS",185000,NA,2015
"7","for 12 months to 30-09-2016","BUT",20250,NA,2015
"8","for 12 months to 30-09-2016","BWS",1860000,162531,2015
"9","for 12 months to 30-09-2016","BYX",499283.333333333,NA,2015
"10","for 12 months to 30-09-2016","CDL",196800,NA,2015
"11","for 12 months to 30-09-2016","COC",247230.769230769,NA,2015
"12","for 12 months to 30-09-2016","ELE",218916.666666667,NA,2015
"13","for 12 months to 30-09-2016","EMA",2310000,NA,2015
"14","for 12 months to 30-09-2016","FLA",1083760,NA,2015
"15","for 12 months to 30-09-2016","FRO",401900,NA,2015
"16","for 12 months to 30-09-2016","GAR",7142.85714285714,NA,2015
"17","for 12 months to 30-09-2016","GLM",215000,NA,2015
"18","for 12 months to 30-09-2016","GMU",201120.2,NA,2015
"19","for 12 months to 30-09-2016","GSH",304700,NA,2015
"20","for 12 months to 30-09-2016","GSP",593333.333333333,230209.666666667,2015
"21","for 12 months to 30-09-2016","GUR",938531.166666667,NA,2015
"22","for 12 months to 30-09-2016","HAK",3302785.75,NA,2015
"23","for 12 months to 30-09-2016","HOK",75005000,NA,2015
"24","for 12 months to 30-09-2016","HPB",272700,NA,2015
"25","for 12 months to 30-09-2016","JDO",233080,NA,2015
"26","for 12 months to 30-09-2016","JMA",15136808.5,NA,2015
"27","for 12 months to 30-09-2016","KAH",454666.666666667,370433.166666667,2015
"28","for 12 months to 30-09-2016","KBB",754800,NA,2015
"29","for 12 months to 30-09-2016","KIN",31000,NA,2015
"30","for 12 months to 30-09-2016","KWH",6700,NA,2015
"31","for 12 months to 30-09-2016","LDO",261000,NA,2015
"32","for 12 months to 30-09-2016","LEA",292200,NA,2015
"33","for 12 months to 30-09-2016","LFE",16400,NA,2015
"34","for 12 months to 30-09-2016","LIN",2899000,NA,2015
"35","for 12 months to 30-09-2016","MAK",2e+05,70804,2015
"36","for 12 months to 30-09-2016","MOK",128181.2,NA,2015
"37","for 12 months to 30-09-2016","MOO",527000,61078,2015
"38","for 12 months to 30-09-2016","OEO",2972000,NA,2015
"39","for 12 months to 30-09-2016","ORH",1092000,NA,2015
"40","for 12 months to 30-09-2016","OYS",56590.9090909091,NA,2015
"41","for 12 months to 30-09-2016","OYU",14950000,10000801,2015
"42","for 12 months to 30-09-2016","PAD",76500,NA,2015
"43","for 12 months to 30-09-2016","PAR",21000,NA,2015
"44","for 12 months to 30-09-2016","PAU",105849.9,NA,2015
"45","for 12 months to 30-09-2016","PIL",355000,NA,2015
"46","for 12 months to 30-09-2016","POR",20750,NA,2015
"47","for 12 months to 30-09-2016","POS",110000,43270,2015
"48","for 12 months to 30-09-2016","PPI",20400,NA,2015
"49","for 12 months to 30-09-2016","PRK",3272.72727272727,NA,2015
"50","for 12 months to 30-09-2016","PTO",49500,6380,2015
"51","for 12 months to 30-09-2016","PZL",3937.5,NA,2015
"52","for 12 months to 30-09-2016","QSC",380000,13550,2015
"53","for 12 months to 30-09-2016","RBM",980000,125153,2015
"54","for 12 months to 30-09-2016","RBT",1262500,NA,2015
"55","for 12 months to 30-09-2016","RBY",81200,NA,2015
"56","for 12 months to 30-09-2016","RCO",1655677,NA,2015
"57","for 12 months to 30-09-2016","RIB",168300,NA,2015
"58","for 12 months to 30-09-2016","RSK",397200,NA,2015
"59","for 12 months to 30-09-2016","RSN",48666.6666666667,NA,2015
"60","for 12 months to 30-09-2016","SCH",429512.5,NA,2015
"61","for 12 months to 30-09-2016","SCI",111272.727272727,NA,2015
"62","for 12 months to 30-09-2016","SFE",69400,NA,2015
"63","for 12 months to 30-09-2016","SKI",212078.8,NA,2015
"64","for 12 months to 30-09-2016","SNA",1059550,NA,2015
"65","for 12 months to 30-09-2016","SPD",1808571.42857143,NA,2015
"66","for 12 months to 30-09-2016","SPE",219000,NA,2015
"67","for 12 months to 30-09-2016","SPO",327677.333333333,NA,2015
"68","for 12 months to 30-09-2016","SPR",90000,NA,2015
"69","for 12 months to 30-09-2016","SQU",31833095.25,10781685.75,2015
"70","for 12 months to 30-09-2016","SSK",169800,NA,2015
"71","for 12 months to 30-09-2016","STA",692050,NA,2015
"72","for 12 months to 30-09-2016","STN",971000,949351,2015
"73","for 12 months to 30-09-2016","SUR",95583.3333333333,NA,2015
"74","for 12 months to 30-09-2016","SWA",2595050.25,NA,2015
"75","for 12 months to 30-09-2016","SWO",885000,758748,2015
"76","for 12 months to 30-09-2016","TAR",804896.625,NA,2015
"77","for 12 months to 30-09-2016","TOR",116000,18024,2015
"78","for 12 months to 30-09-2016","TRE",786620.6,NA,2015
"79","for 12 months to 30-09-2016","TRU",14400,NA,2015
"80","for 12 months to 30-09-2016","TUA",4777.77777777778,NA,2015
"81","for 12 months to 30-09-2016","WAR",752059.666666667,NA,2015
"82","for 12 months to 30-09-2016","WWA",415000,NA,2015
"83","for 12 months to 30-09-2016","YEM",6800,NA,2015
"84","for 12 months to 30-09-2016","YFN",263000,57575,2015
"85","for 12 months to 30-09-2017","ANC",80000,NA,2016
"86","for 12 months to 30-09-2017","BAR",6680492.2,NA,2016
"87","for 12 months to 30-09-2017","BCO",291453.125,NA,2016
"88","for 12 months to 30-09-2017","BIG",714000,104916,2016
"89","for 12 months to 30-09-2017","BNS",151666.666666667,NA,2016
"90","for 12 months to 30-09-2017","BUT",20250,NA,2016
"91","for 12 months to 30-09-2017","BWS",1860000,115704,2016
"92","for 12 months to 30-09-2017","BYX",499283.333333333,NA,2016
"93","for 12 months to 30-09-2017","CDL",196800,NA,2016
"94","for 12 months to 30-09-2017","COC",247230.769230769,NA,2016
"95","for 12 months to 30-09-2017","ELE",218916.666666667,NA,2016
"96","for 12 months to 30-09-2017","EMA",2310000,NA,2016
"97","for 12 months to 30-09-2017","FLA",1083760,NA,2016
"98","for 12 months to 30-09-2017","FRO",401900,NA,2016
"99","for 12 months to 30-09-2017","GAR",7142.85714285714,NA,2016
"100","for 12 months to 30-09-2017","GLM",215000,NA,2016
"101","for 12 months to 30-09-2017","GMU",201120.2,NA,2016
"102","for 12 months to 30-09-2017","GSH",304700,NA,2016
"103","for 12 months to 30-09-2017","GSP",593333.333333333,308594.333333333,2016
"104","for 12 months to 30-09-2017","GUR",938531.166666667,NA,2016
"105","for 12 months to 30-09-2017","HAK",3302785.75,NA,2016
"106","for 12 months to 30-09-2017","HOK",75005000,NA,2016
"107","for 12 months to 30-09-2017","HPB",272700,NA,2016
"108","for 12 months to 30-09-2017","JDO",241080,NA,2016
"109","for 12 months to 30-09-2017","JMA",12831803.5,11838985,2016
"110","for 12 months to 30-09-2017","KAH",454666.666666667,NA,2016
"111","for 12 months to 30-09-2017","KBB",754800,NA,2016
"112","for 12 months to 30-09-2017","KIN",31000,NA,2016
"113","for 12 months to 30-09-2017","KWH",6700,NA,2016
"114","for 12 months to 30-09-2017","LDO",261000,NA,2016
"115","for 12 months to 30-09-2017","LEA",292200,NA,2016
"116","for 12 months to 30-09-2017","LFE",14818.1818181818,NA,2016
"117","for 12 months to 30-09-2017","LIN",2899000,NA,2016
"118","for 12 months to 30-09-2017","MAK",2e+05,37801,2016
"119","for 12 months to 30-09-2017","MOK",128181.2,NA,2016
"120","for 12 months to 30-09-2017","MOO",527000,56582,2016
"121","for 12 months to 30-09-2017","OEO",2972000,NA,2016
"122","for 12 months to 30-09-2017","ORH",1092000,NA,2016
"123","for 12 months to 30-09-2017","OYS",56590.9090909091,NA,2016
"124","for 12 months to 30-09-2017","OYU",14950000,9989921,2016
"125","for 12 months to 30-09-2017","PAD",76500,NA,2016
"126","for 12 months to 30-09-2017","PAR",21000,NA,2016
"127","for 12 months to 30-09-2017","PAU",96487.9,NA,2016
"128","for 12 months to 30-09-2017","PIL",355000,NA,2016
"129","for 12 months to 30-09-2017","POR",20750,NA,2016
"130","for 12 months to 30-09-2017","POS",110000,26655,2016
"131","for 12 months to 30-09-2017","PPI",20400,NA,2016
"132","for 12 months to 30-09-2017","PRK",3272.72727272727,NA,2016
"133","for 12 months to 30-09-2017","PTO",49500,18630,2016
"134","for 12 months to 30-09-2017","PZL",3937.5,NA,2016
"135","for 12 months to 30-09-2017","QSC",380000,23130,2016
"136","for 12 months to 30-09-2017","RBM",980000,100729,2016
"137","for 12 months to 30-09-2017","RBT",1262500,NA,2016
"138","for 12 months to 30-09-2017","RBY",83900,NA,2016
"139","for 12 months to 30-09-2017","RCO",1655677,NA,2016
"140","for 12 months to 30-09-2017","RIB",168300,NA,2016
"141","for 12 months to 30-09-2017","RSK",397200,NA,2016
"142","for 12 months to 30-09-2017","RSN",48666.6666666667,NA,2016
"143","for 12 months to 30-09-2017","SCH",429512.5,NA,2016
"144","for 12 months to 30-09-2017","SCI",113090.909090909,NA,2016
"145","for 12 months to 30-09-2017","SFE",53556.3636363636,NA,2016
"146","for 12 months to 30-09-2017","SKI",212078.8,NA,2016
"147","for 12 months to 30-09-2017","SNA",1067883.33333333,NA,2016
"148","for 12 months to 30-09-2017","SPD",1808571.42857143,NA,2016
"149","for 12 months to 30-09-2017","SPE",219000,NA,2016
"150","for 12 months to 30-09-2017","SPO",327677.333333333,NA,2016
"151","for 12 months to 30-09-2017","SPR",90000,NA,2016
"152","for 12 months to 30-09-2017","SQU",20530070.25,4615525.25,2016
"153","for 12 months to 30-09-2017","SSK",169800,NA,2016
"154","for 12 months to 30-09-2017","STA",692050,NA,2016
"155","for 12 months to 30-09-2017","STN",971000,913498,2016
"156","for 12 months to 30-09-2017","SUR",95583.3333333333,NA,2016
"157","for 12 months to 30-09-2017","SWA",2595050.25,NA,2016
"158","for 12 months to 30-09-2017","SWO",885000,500513,2016
"159","for 12 months to 30-09-2017","TAR",804896.625,NA,2016
"160","for 12 months to 30-09-2017","TOR",116000,14407,2016
"161","for 12 months to 30-09-2017","TRE",786620.6,707635.8,2016
"162","for 12 months to 30-09-2017","TRU",14400,NA,2016
"163","for 12 months to 30-09-2017","TUA",4777.77777777778,NA,2016
"164","for 12 months to 30-09-2017","WAR",752059.666666667,NA,2016
"165","for 12 months to 30-09-2017","WWA",415000,NA,2016
"166","for 12 months to 30-09-2017","YEM",6800,NA,2016
"167","for 12 months to 30-09-2017","YFN",263000,7553,2016
"168","for 12 months to 30-09-2018","ANC",80000,NA,2017
"169","for 12 months to 30-09-2018","BAR",6680492.2,NA,2017
"170","for 12 months to 30-09-2018","BCO",291453.125,NA,2017
"171","for 12 months to 30-09-2018","BIG",714000,136684,2017
"172","for 12 months to 30-09-2018","BNS",105000,NA,2017
"173","for 12 months to 30-09-2018","BUT",20250,NA,2017
"174","for 12 months to 30-09-2018","BWS",1860000,120492,2017
"175","for 12 months to 30-09-2018","BYX",499283.333333333,NA,2017
"176","for 12 months to 30-09-2018","CDL",196800,NA,2017
"177","for 12 months to 30-09-2018","COC",247230.769230769,NA,2017
"178","for 12 months to 30-09-2018","ELE",218916.666666667,NA,2017
"179","for 12 months to 30-09-2018","EMA",2310000,NA,2017
"180","for 12 months to 30-09-2018","FLA",1083760,NA,2017
"181","for 12 months to 30-09-2018","FRO",401900,NA,2017
"182","for 12 months to 30-09-2018","GAR",7142.85714285714,NA,2017
"183","for 12 months to 30-09-2018","GLM",215000,NA,2017
"184","for 12 months to 30-09-2018","GMU",201120.2,NA,2017
"185","for 12 months to 30-09-2018","GSH",304700,NA,2017
"186","for 12 months to 30-09-2018","GSP",593333.333333333,343001.333333333,2017
"187","for 12 months to 30-09-2018","GUR",960197.833333333,NA,2017
"188","for 12 months to 30-09-2018","HAK",2643785.75,NA,2017
"189","for 12 months to 30-09-2018","HOK",75005000,NA,2017
"190","for 12 months to 30-09-2018","HPB",272700,NA,2017
"191","for 12 months to 30-09-2018","JDO",241080,NA,2017
"192","for 12 months to 30-09-2018","JMA",12831803.5,NA,2017
"193","for 12 months to 30-09-2018","KAH",454666.666666667,NA,2017
"194","for 12 months to 30-09-2018","KBB",754800,NA,2017
"195","for 12 months to 30-09-2018","KIN",31000,NA,2017
"196","for 12 months to 30-09-2018","KWH",6700,NA,2017
"197","for 12 months to 30-09-2018","LDO",261000,NA,2017
"198","for 12 months to 30-09-2018","LEA",292200,NA,2017
"199","for 12 months to 30-09-2018","LFE",14818.1818181818,NA,2017
"200","for 12 months to 30-09-2018","LIN",2899000,NA,2017
"201","for 12 months to 30-09-2018","MAK",2e+05,32965,2017
"202","for 12 months to 30-09-2018","MOK",128181.2,123956.6,2017
"203","for 12 months to 30-09-2018","MOO",527000,67202,2017
"204","for 12 months to 30-09-2018","OEO",2972000,NA,2017
"205","for 12 months to 30-09-2018","ORH",1116625,NA,2017
"206","for 12 months to 30-09-2018","OYS",56590.9090909091,NA,2017
"207","for 12 months to 30-09-2018","OYU",14950000,9905321,2017
"208","for 12 months to 30-09-2018","PAD",76500,NA,2017
"209","for 12 months to 30-09-2018","PAR",21000,NA,2017
"210","for 12 months to 30-09-2018","PAU",91906.4,NA,2017
"211","for 12 months to 30-09-2018","PIL",355000,NA,2017
"212","for 12 months to 30-09-2018","POR",20750,NA,2017
"213","for 12 months to 30-09-2018","POS",110000,56943,2017
"214","for 12 months to 30-09-2018","PPI",20400,NA,2017
"215","for 12 months to 30-09-2018","PRK",3272.72727272727,NA,2017
"216","for 12 months to 30-09-2018","PTO",49500,4485,2017
"217","for 12 months to 30-09-2018","PZL",3937.5,NA,2017
"218","for 12 months to 30-09-2018","QSC",380000,25735,2017
"219","for 12 months to 30-09-2018","RBM",980000,289677,2017
"220","for 12 months to 30-09-2018","RBT",1262500,NA,2017
"221","for 12 months to 30-09-2018","RBY",83900,NA,2017
"222","for 12 months to 30-09-2018","RCO",1655673.4,NA,2017
"223","for 12 months to 30-09-2018","RIB",168300,NA,2017
"224","for 12 months to 30-09-2018","RSK",397200,331415.8,2017
"225","for 12 months to 30-09-2018","RSN",48666.6666666667,NA,2017
"226","for 12 months to 30-09-2018","SCH",429512.5,NA,2017
"227","for 12 months to 30-09-2018","SCI",113090.909090909,NA,2017
"228","for 12 months to 30-09-2018","SFE",53556.3636363636,NA,2017
"229","for 12 months to 30-09-2018","SKI",212078.8,NA,2017
"230","for 12 months to 30-09-2018","SNA",1067883.33333333,1081790,2017
"231","for 12 months to 30-09-2018","SPD",1808571.42857143,NA,2017
"232","for 12 months to 30-09-2018","SPE",219000,NA,2017
"233","for 12 months to 30-09-2018","SPO",327677.333333333,243203.333333333,2017
"234","for 12 months to 30-09-2018","SPR",90000,NA,2017
"235","for 12 months to 30-09-2018","SQU",20530070.25,5768173.25,2017
"236","for 12 months to 30-09-2018","SSK",169800,NA,2017
"237","for 12 months to 30-09-2018","STA",692050,NA,2017
"238","for 12 months to 30-09-2018","STN",971000,1008136,2017
"239","for 12 months to 30-09-2018","SUR",95583.3333333333,NA,2017
"240","for 12 months to 30-09-2018","SWA",2595050.25,NA,2017
"241","for 12 months to 30-09-2018","SWO",885000,475014,2017
"242","for 12 months to 30-09-2018","TAR",804896.625,NA,2017
"243","for 12 months to 30-09-2018","TOR",116000,20706,2017
"244","for 12 months to 30-09-2018","TRE",786620.6,NA,2017
"245","for 12 months to 30-09-2018","TRU",14400,NA,2017
"246","for 12 months to 30-09-2018","TUA",4777.77777777778,NA,2017
"247","for 12 months to 30-09-2018","WAR",752059.666666667,NA,2017
"248","for 12 months to 30-09-2018","WWA",415000,NA,2017
"249","for 12 months to 30-09-2018","YEM",6800,NA,2017
"250","for 12 months to 30-09-2018","YFN",263000,23074,2017
"251","for 12 months to 30-09-2019","ANC",80000,NA,2018
"252","for 12 months to 30-09-2019","BAR",6680492.2,NA,2018
"253","for 12 months to 30-09-2019","BCO",291453.125,NA,2018
"254","for 12 months to 30-09-2019","BIG",714000,54557,2018
"255","for 12 months to 30-09-2019","BNS",105000,NA,2018
"256","for 12 months to 30-09-2019","BUT",20250,NA,2018
"257","for 12 months to 30-09-2019","BWS",1860000,100625,2018
"258","for 12 months to 30-09-2019","BYX",499283.333333333,NA,2018
"259","for 12 months to 30-09-2019","CDL",196800,NA,2018
"260","for 12 months to 30-09-2019","COC",247230.769230769,NA,2018
"261","for 12 months to 30-09-2019","ELE",243916.666666667,NA,2018
"262","for 12 months to 30-09-2019","EMA",2310000,NA,2018
"263","for 12 months to 30-09-2019","FLA",1024300,NA,2018
"264","for 12 months to 30-09-2019","FRO",401900,NA,2018
"265","for 12 months to 30-09-2019","GAR",7142.85714285714,NA,2018
"266","for 12 months to 30-09-2019","GLM",209375,NA,2018
"267","for 12 months to 30-09-2019","GMU",201120.2,NA,2018
"268","for 12 months to 30-09-2019","GSH",304700,NA,2018
"269","for 12 months to 30-09-2019","GSP",593333.333333333,280183.666666667,2018
"270","for 12 months to 30-09-2019","GUR",976864.5,NA,2018
"271","for 12 months to 30-09-2019","HAK",2643785.75,NA,2018
"272","for 12 months to 30-09-2019","HOK",75005000,NA,2018
"273","for 12 months to 30-09-2019","HPB",272700,NA,2018
"274","for 12 months to 30-09-2019","JDO",174880,NA,2018
"275","for 12 months to 30-09-2019","JMA",12831803.5,NA,2018
"276","for 12 months to 30-09-2019","KAH",454666.666666667,NA,2018
"277","for 12 months to 30-09-2019","KBB",754800,NA,2018
"278","for 12 months to 30-09-2019","KIN",31714.2857142857,NA,2018
"279","for 12 months to 30-09-2019","KWH",6700,NA,2018
"280","for 12 months to 30-09-2019","LDO",261000,NA,2018
"281","for 12 months to 30-09-2019","LEA",292200,NA,2018
"282","for 12 months to 30-09-2019","LFE",12454.5454545455,NA,2018
"283","for 12 months to 30-09-2019","LIN",2996500,NA,2018
"284","for 12 months to 30-09-2019","MAK",2e+05,27000,2018
"285","for 12 months to 30-09-2019","MOK",128181.2,NA,2018
"286","for 12 months to 30-09-2019","MOO",527000,45248,2018
"287","for 12 months to 30-09-2019","OEO",3092000,NA,2018
"288","for 12 months to 30-09-2019","ORH",1228375,NA,2018
"289","for 12 months to 30-09-2019","OYS",56590.9090909091,NA,2018
"290","for 12 months to 30-09-2019","OYU",14950000,9493545,2018
"291","for 12 months to 30-09-2019","PAD",76500,NA,2018
"292","for 12 months to 30-09-2019","PAR",21000,NA,2018
"293","for 12 months to 30-09-2019","PAU",91906.4,NA,2018
"294","for 12 months to 30-09-2019","PIL",355000,NA,2018
"295","for 12 months to 30-09-2019","POR",20750,NA,2018
"296","for 12 months to 30-09-2019","POS",110000,36709,2018
"297","for 12 months to 30-09-2019","PPI",20400,NA,2018
"298","for 12 months to 30-09-2019","PRK",3272.72727272727,NA,2018
"299","for 12 months to 30-09-2019","PTO",49500,20,2018
"300","for 12 months to 30-09-2019","PZL",3937.5,NA,2018
"301","for 12 months to 30-09-2019","QSC",380000,12168,2018
"302","for 12 months to 30-09-2019","RBM",980000,141174,2018
"303","for 12 months to 30-09-2019","RBT",1262500,NA,2018
"304","for 12 months to 30-09-2019","RBY",83900,NA,2018
"305","for 12 months to 30-09-2019","RCO",1655673.4,NA,2018
"306","for 12 months to 30-09-2019","RIB",168300,NA,2018
"307","for 12 months to 30-09-2019","RSK",397200,NA,2018
"308","for 12 months to 30-09-2019","RSN",48666.6666666667,NA,2018
"309","for 12 months to 30-09-2019","SCH",429512.5,NA,2018
"310","for 12 months to 30-09-2019","SCI",119272.727272727,NA,2018
"311","for 12 months to 30-09-2019","SFE",53556.3636363636,NA,2018
"312","for 12 months to 30-09-2019","SKI",212078.8,NA,2018
"313","for 12 months to 30-09-2019","SNA",1067883.33333333,NA,2018
"314","for 12 months to 30-09-2019","SPD",1808571.42857143,NA,2018
"315","for 12 months to 30-09-2019","SPE",219000,NA,2018
"316","for 12 months to 30-09-2019","SPO",331844,NA,2018
"317","for 12 months to 30-09-2019","SPR",90000,NA,2018
"318","for 12 months to 30-09-2019","SQU",20530070.25,NA,2018
"319","for 12 months to 30-09-2019","SSK",169800,NA,2018
"320","for 12 months to 30-09-2019","STA",692050,NA,2018
"321","for 12 months to 30-09-2019","STN",1046000,956979,2018
"322","for 12 months to 30-09-2019","SUR",95583.3333333333,NA,2018
"323","for 12 months to 30-09-2019","SWA",2595050.25,NA,2018
"324","for 12 months to 30-09-2019","SWO",885000,262437,2018
"325","for 12 months to 30-09-2019","TAR",672900,NA,2018
"326","for 12 months to 30-09-2019","TOR",116000,21629,2018
"327","for 12 months to 30-09-2019","TRE",786620.6,617937.4,2018
"328","for 12 months to 30-09-2019","TRU",14400,NA,2018
"329","for 12 months to 30-09-2019","TUA",4777.77777777778,NA,2018
"330","for 12 months to 30-09-2019","WAR",752059.666666667,NA,2018
"331","for 12 months to 30-09-2019","WWA",415000,NA,2018
"332","for 12 months to 30-09-2019","YEM",6800,NA,2018
"333","for 12 months to 30-09-2019","YFN",263000,4919,2018
"334","for 12 months to 30-09-2020","ANC",80000,NA,2019
"335","for 12 months to 30-09-2020","BAR",6680492.2,NA,2019
"336","for 12 months to 30-09-2020","BCO",291453.125,NA,2019
"337","for 12 months to 30-09-2020","BIG",714000,59398,2019
"338","for 12 months to 30-09-2020","BNS",105000,NA,2019
"339","for 12 months to 30-09-2020","BUT",20250,NA,2019
"340","for 12 months to 30-09-2020","BWS",1860000,112288,2019
"341","for 12 months to 30-09-2020","BYX",499283.333333333,NA,2019
"342","for 12 months to 30-09-2020","CDL",196800,NA,2019
"343","for 12 months to 30-09-2020","COC",247230.769230769,NA,2019
"344","for 12 months to 30-09-2020","ELE",243950,NA,2019
"345","for 12 months to 30-09-2020","EMA",2310000,NA,2019
"346","for 12 months to 30-09-2020","FLA",1024300,382277.6,2019
"347","for 12 months to 30-09-2020","FRO",401900,NA,2019
"348","for 12 months to 30-09-2020","GAR",7142.85714285714,NA,2019
"349","for 12 months to 30-09-2020","GLM",209375,NA,2019
"350","for 12 months to 30-09-2020","GMU",201120.2,NA,2019
"351","for 12 months to 30-09-2020","GSH",304700,NA,2019
"352","for 12 months to 30-09-2020","GSP",593333.333333333,226989.666666667,2019
"353","for 12 months to 30-09-2020","GUR",993197.833333333,NA,2019
"354","for 12 months to 30-09-2020","HAK",1945785.75,NA,2019
"355","for 12 months to 30-09-2020","HOK",57505000,NA,2019
"356","for 12 months to 30-09-2020","HPB",272700,NA,2019
"357","for 12 months to 30-09-2020","JDO",179080,NA,2019
"358","for 12 months to 30-09-2020","JMA",12831803.5,NA,2019
"359","for 12 months to 30-09-2020","KAH",454666.666666667,NA,2019
"360","for 12 months to 30-09-2020","KBB",754800,NA,2019
"361","for 12 months to 30-09-2020","KIN",31714.2857142857,NA,2019
"362","for 12 months to 30-09-2020","KWH",6700,NA,2019
"363","for 12 months to 30-09-2020","LDO",261000,NA,2019
"364","for 12 months to 30-09-2020","LEA",292200,NA,2019
"365","for 12 months to 30-09-2020","LFE",12454.5454545455,NA,2019
"366","for 12 months to 30-09-2020","LIN",3034875,2057017.5,2019
"367","for 12 months to 30-09-2020","MAK",2e+05,29598,2019
"368","for 12 months to 30-09-2020","MOK",128181.2,NA,2019
"369","for 12 months to 30-09-2020","MOO",527000,47407,2019
"370","for 12 months to 30-09-2020","OEO",3092000,NA,2019
"371","for 12 months to 30-09-2020","ORH",1370750,NA,2019
"372","for 12 months to 30-09-2020","OYS",56590.9090909091,NA,2019
"373","for 12 months to 30-09-2020","OYU",14950000,8310096,2019
"374","for 12 months to 30-09-2020","PAD",76500,NA,2019
"375","for 12 months to 30-09-2020","PAR",21000,NA,2019
"376","for 12 months to 30-09-2020","PAU",91906.4,NA,2019
"377","for 12 months to 30-09-2020","PIL",355000,NA,2019
"378","for 12 months to 30-09-2020","POR",20750,NA,2019
"379","for 12 months to 30-09-2020","POS",110000,24924,2019
"380","for 12 months to 30-09-2020","PPI",20400,NA,2019
"381","for 12 months to 30-09-2020","PRK",3272.72727272727,NA,2019
"382","for 12 months to 30-09-2020","PTO",49500,5,2019
"383","for 12 months to 30-09-2020","PZL",3937.5,NA,2019
"384","for 12 months to 30-09-2020","QSC",380000,16605,2019
"385","for 12 months to 30-09-2020","RBM",980000,218833,2019
"386","for 12 months to 30-09-2020","RBT",1262500,NA,2019
"387","for 12 months to 30-09-2020","RBY",83900,NA,2019
"388","for 12 months to 30-09-2020","RCO",1655673.4,NA,2019
"389","for 12 months to 30-09-2020","RIB",168300,NA,2019
"390","for 12 months to 30-09-2020","RSK",397200,NA,2019
"391","for 12 months to 30-09-2020","RSN",48666.6666666667,NA,2019
"392","for 12 months to 30-09-2020","SCH",429512.5,326675.75,2019
"393","for 12 months to 30-09-2020","SCI",119272.727272727,NA,2019
"394","for 12 months to 30-09-2020","SFE",53556.3636363636,NA,2019
"395","for 12 months to 30-09-2020","SKI",331600,NA,2019
"396","for 12 months to 30-09-2020","SNA",1067883.33333333,NA,2019
"397","for 12 months to 30-09-2020","SPD",1808571.42857143,NA,2019
"398","for 12 months to 30-09-2020","SPE",219000,NA,2019
"399","for 12 months to 30-09-2020","SPO",336344,NA,2019
"400","for 12 months to 30-09-2020","SPR",90000,NA,2019
"401","for 12 months to 30-09-2020","SQU",20530070.25,10507904,2019
"402","for 12 months to 30-09-2020","SSK",169800,NA,2019
"403","for 12 months to 30-09-2020","STA",692050,NA,2019
"404","for 12 months to 30-09-2020","STN",1046000,856754,2019
"405","for 12 months to 30-09-2020","SUR",95583.3333333333,NA,2019
"406","for 12 months to 30-09-2020","SWA",2595050.25,NA,2019
"407","for 12 months to 30-09-2020","SWO",885000,216029,2019
"408","for 12 months to 30-09-2020","TAR",632400,NA,2019
"409","for 12 months to 30-09-2020","TOR",116000,47497,2019
"410","for 12 months to 30-09-2020","TRE",786620.6,NA,2019
"411","for 12 months to 30-09-2020","TRU",14400,NA,2019
"412","for 12 months to 30-09-2020","TUA",4777.77777777778,NA,2019
"413","for 12 months to 30-09-2020","WAR",752059.666666667,NA,2019
"414","for 12 months to 30-09-2020","WWA",415000,NA,2019
"415","for 12 months to 30-09-2020","YEM",6800,NA,2019
"416","for 12 months to 30-09-2020","YFN",263000,9700,2019
"417","for 12 months to 30-09-2021","ANC",80000,NA,2020
"418","for 12 months to 30-09-2021","BAR",6680492.2,NA,2020
"419","for 12 months to 30-09-2021","BCO",236578.125,NA,2020
"420","for 12 months to 30-09-2021","BIG",714000,93724,2020
"421","for 12 months to 30-09-2021","BNS",105000,NA,2020
"422","for 12 months to 30-09-2021","BUT",20250,NA,2020
"423","for 12 months to 30-09-2021","BWS",1860000,93587,2020
"424","for 12 months to 30-09-2021","BYX",499283.333333333,NA,2020
"425","for 12 months to 30-09-2021","CDL",197900,NA,2020
"426","for 12 months to 30-09-2021","COC",247230.769230769,NA,2020
"427","for 12 months to 30-09-2021","ELE",243950,NA,2020
"428","for 12 months to 30-09-2021","EMA",2310000,NA,2020
"429","for 12 months to 30-09-2021","FLA",1024300,NA,2020
"430","for 12 months to 30-09-2021","FRO",401900,NA,2020
"431","for 12 months to 30-09-2021","GAR",7142.85714285714,NA,2020
"432","for 12 months to 30-09-2021","GLM",209375,NA,2020
"433","for 12 months to 30-09-2021","GMU",201120.2,NA,2020
"434","for 12 months to 30-09-2021","GSH",304700,NA,2020
"435","for 12 months to 30-09-2021","GSP",593333.333333333,262873.666666667,2020
"436","for 12 months to 30-09-2021","GUR",1041031.16666667,717682.5,2020
"437","for 12 months to 30-09-2021","HAK",1945785.75,NA,2020
"438","for 12 months to 30-09-2021","HOK",57505000,NA,2020
"439","for 12 months to 30-09-2021","HPB",272700,NA,2020
"440","for 12 months to 30-09-2021","JDO",179080,NA,2020
"441","for 12 months to 30-09-2021","JMA",12831803.5,NA,2020
"442","for 12 months to 30-09-2021","KAH",454666.666666667,NA,2020
"443","for 12 months to 30-09-2021","KBB",754800,NA,2020
"444","for 12 months to 30-09-2021","KIN",42428.5714285714,NA,2020
"445","for 12 months to 30-09-2021","KWH",6700,NA,2020
"446","for 12 months to 30-09-2021","LDO",261000,NA,2020
"447","for 12 months to 30-09-2021","LEA",294200,NA,2020
"448","for 12 months to 30-09-2021","LFE",12454.5454545455,NA,2020
"449","for 12 months to 30-09-2021","LIN",3034875,NA,2020
"450","for 12 months to 30-09-2021","MAK",2e+05,29166,2020
"451","for 12 months to 30-09-2021","MOK",131381.2,NA,2020
"452","for 12 months to 30-09-2021","MOO",527000,37658,2020
"453","for 12 months to 30-09-2021","OEO",3092000,NA,2020
"454","for 12 months to 30-09-2021","ORH",1520125,NA,2020
"455","for 12 months to 30-09-2021","OYS",56590.9090909091,NA,2020
"456","for 12 months to 30-09-2021","OYU",14950000,7616045,2020
"457","for 12 months to 30-09-2021","PAD",76500,NA,2020
"458","for 12 months to 30-09-2021","PAR",21000,NA,2020
"459","for 12 months to 30-09-2021","PAU",91906.4,NA,2020
"460","for 12 months to 30-09-2021","PIL",355000,NA,2020
"461","for 12 months to 30-09-2021","POR",22250,13945.25,2020
"462","for 12 months to 30-09-2021","POS",110000,33880,2020
"463","for 12 months to 30-09-2021","PPI",20400,NA,2020
"464","for 12 months to 30-09-2021","PRK",3272.72727272727,NA,2020
"465","for 12 months to 30-09-2021","PTO",49500,NA,2020
"466","for 12 months to 30-09-2021","PZL",11050,NA,2020
"467","for 12 months to 30-09-2021","QSC",380000,20354,2020
"468","for 12 months to 30-09-2021","RBM",980000,405364,2020
"469","for 12 months to 30-09-2021","RBT",1262500,NA,2020
"470","for 12 months to 30-09-2021","RBY",84800,NA,2020
"471","for 12 months to 30-09-2021","RCO",1655673.4,NA,2020
"472","for 12 months to 30-09-2021","RIB",168300,NA,2020
"473","for 12 months to 30-09-2021","RSK",397200,NA,2020
"474","for 12 months to 30-09-2021","RSN",48666.6666666667,NA,2020
"475","for 12 months to 30-09-2021","SCH",429512.5,NA,2020
"476","for 12 months to 30-09-2021","SCI",120363.636363636,NA,2020
"477","for 12 months to 30-09-2021","SFE",53556.3636363636,NA,2020
"478","for 12 months to 30-09-2021","SKI",340000,NA,2020
"479","for 12 months to 30-09-2021","SNA",1084550,NA,2020
"480","for 12 months to 30-09-2021","SPD",1808571.42857143,NA,2020
"481","for 12 months to 30-09-2021","SPE",219400,98372.3,2020
"482","for 12 months to 30-09-2021","SPO",348177.333333333,NA,2020
"483","for 12 months to 30-09-2021","SPR",90000,NA,2020
"484","for 12 months to 30-09-2021","SQU",20530070.25,7520275.25,2020
"485","for 12 months to 30-09-2021","SSK",169800,NA,2020
"486","for 12 months to 30-09-2021","STA",702800,NA,2020
"487","for 12 months to 30-09-2021","STN",1046000,786736,2020
"488","for 12 months to 30-09-2021","SUR",95583.3333333333,NA,2020
"489","for 12 months to 30-09-2021","SWA",2780000,NA,2020
"490","for 12 months to 30-09-2021","SWO",885000,306510,2020
"491","for 12 months to 30-09-2021","TAR",632400,NA,2020
"492","for 12 months to 30-09-2021","TOR",116000,40112,2020
"493","for 12 months to 30-09-2021","TRE",786620.6,NA,2020
"494","for 12 months to 30-09-2021","TRU",14700,NA,2020
"495","for 12 months to 30-09-2021","TUA",4777.77777777778,NA,2020
"496","for 12 months to 30-09-2021","WAR",752059.666666667,NA,2020
"497","for 12 months to 30-09-2021","WWA",415111.111111111,NA,2020
"498","for 12 months to 30-09-2021","YEM",6900,NA,2020
"499","for 12 months to 30-09-2021","YFN",263000,24584,2020
